vehicle_id,title,description,price,url,image[0].url,make,model,year,mileage.value,mileage.unit,state_of_vehicle,transmission,fuel_type,body_style,exterior_color,address,availability
224791,2019 Mazda BT-50 SDX,"MAZDA BT-50 SDX 2019 2.2 DIESEL  (224791) Version SDX, motor 2.200 CC Diesel, tracción 4x2, caja de cambios manual seis velocidades, volante multifuncional con velocidad crucero, Bluetooth, computador a bordo, climatizadores delanteros independientes.",10490000 CLP,https://www.ald.cl/ficha/224791/,https://www.RTautomotriz.com/images/ALD/Ext224791-1.jpg,Mazda,BT-50 SDX,2019,253000,KM,USED,Manual,Diesel,Pickup Truck,ROJO,"Comandante Malbec 13495, Lo Barnechea, Santiago, Chile",available
229134,1988 Mazda RX-7 CONVERTIBLE,"MAZDA RX-7 CONVERTIBLE 1988 SÓLO 50.200 KILÓME (229134) Sólo 50.200 kilómetros, convertible, motor rotativo Wankel 1.300 CC, caja de cambios manual cinco velocidades, tapiz de cuero, radio original integrada, aire acondicionado, alza vidrios y espejos eléctricos. Primer propietario Cecilia Bolocco cuando fue Miss Universo en 1987.",19990000 CLP,https://www.ald.cl/ficha/229134/,https://www.RTautomotriz.com/images/ALD/Ext229134-1.jpg,Mazda,RX-7 CONVERTIBLE,1988,50200,KM,USED,Manual,Gasoline,Coupe,BLANCO,"Comandante Malbec 13495, Lo Barnechea, Santiago, Chile",available
231111,2018 Land Rover RANGE ROVER SPORT,"LAND ROVER RANGE ROVER SPORT 2018 HSE SDV6 (231111) Motor seis cilindros 3.000 CC Turbo Diesel, versión HSE SDV6, suspensión regulable en altura y rigidez, tracción integral permanente AWD, caja de cambios automática con Paddle shift, modos de conducción, volante multifuncional con velocidad crucero y comando por voz, computador a bordo, pantalla touch con cámara trasera de estacionamiento y navegador, climatizadores independientes, consola central táctil, sistema de audio alta fidelidad Meridia",43990000 CLP,https://www.ald.cl/ficha/231111/,https://www.RTautomotriz.com/images/ALD/Ext231111-1.jpg,Land Rover,RANGE ROVER SPORT,2018,140000,KM,USED,Automatic,Diesel,SUV,BLANCO,"Comandante Malbec 13495, Lo Barnechea, Santiago, Chile",available
234306,2018 Porsche PANAMERA,"PORSCHE PANAMERA  2018 TURBO 4.0 (234306) Garantia extendida. Motor 4.000 CC ocho cilindros turbo, caja de cambios con paddle shift, modos de conducción, tracción integral permanente AWD, pantalla touch con cámaras de estacionamiento (delantera, trasera y 360), conectividad para Apple CarPlay y navegador, sistema de sonido alta fidelidad Bose, molduras fibra de carbono, doble sunroof, asientos eléctricos con memorias, calefacción y ventilación, sistema de audio alta fidelidad Bose. Cuenta con Ga",82990000 CLP,https://www.ald.cl/ficha/234306/,https://www.RTautomotriz.com/images/ALD/Ext234306-1.jpg,Porsche,PANAMERA,2018,41000,KM,USED,Automatic,Gasoline,Sedan,GRAFITO,"Comandante Malbec 13495, Lo Barnechea, Santiago, Chile",available
236670,2018 Mercedes-Benz A250 SPORT,MERCEDES-BENZ A250 SPORT  2018 2.0 TURBO  (Perdi (236670)  PERDIDA TOTAL CONVENIDA.,14990000 CLP,https://www.ald.cl/ficha/236670/,https://www.RTautomotriz.com/images/ALD/Ext236670-1.jpg,Mercedes-Benz,A250 SPORT,2018,89000,KM,USED,Automatic,Gasoline,Sedan,BLANCO,"Comandante Malbec 13495, Lo Barnechea, Santiago, Chile",available
239267,2021 Maserati LEVANTE GRAN SPORT 3.0,"MASERATI LEVANTE GRAN SPORT 3.0  2021 MANTENIMIE (239267) Mantenimiento al día, versión Gran Sport, motor seis cilindros 3.000 CC Turbo, caja de cambios automática con paddle shift, tracción integral permanente AWD, suspensión regulable en altura y rigidez modos de conducción, frenos con discos perforados, volante multifuncional con velocidad crucero, computador a bordo, bluetooth, pantalla con cámara de estacionamiento, techo panorámico, tapiz de cuero, asientos eléctricos, sistema de audio alt",55990000 CLP,https://www.ald.cl/ficha/239267/,https://www.RTautomotriz.com/images/ALD/Ext239267-1.jpg,Maserati,LEVANTE GRAN SPORT 3.0,2021,43000,KM,USED,Automatic,Gasoline,Full Size Van,BLANCO,"Comandante Malbec 13495, Lo Barnechea, Santiago, Chile",available
240840,2019 Porsche CAYENNE TURBO,"PORSCHE CAYENNE TURBO 2019 MANTENIMIENTO EN MARC (240840) Mantenimiento en marca, Garantita extendida hasta 2027, Neumaticos y frenos nuevos, motor ocho cilindros 4.000 CC turbo, suspensión regulable en altura y en rigidez, caja de cambios automática con Paddle Shift, modos de conducción, tracción integral AWD, volante multifuncional con velocidad crucero, computador a bordo, tapiz de cuero y Alcántara, pantalla touch con cámaras de estacionamiento, climatizadores independientes, asientos eléctr",79990000 CLP,https://www.ald.cl/ficha/240840/,https://www.RTautomotriz.com/images/ALD/Ext240840-1.jpg,Porsche,CAYENNE TURBO,2019,97500,KM,USED,Automatic,Gasoline,SUV,BLANCO,"Comandante Malbec 13495, Lo Barnechea, Santiago, Chile",available
241699,2020 Porsche CAYENNE COUPE S 2.9,"PORSCHE CAYENNE COUPE S 2.9 2020  (241699)  Versión S coupe, motor 2.900 CC turbo seis cilindros, caja de cambios automática con paddle shift, modos de conducción, tracción integral permanente, suspensión regulable en altura y rigidez, volante multifuncional, computador a bordo, pantalla touch con cámaras de estacionamiento, climatizadores independientes, asientos eléctricos con memorias, enfriador y calefacción, techo panorámico, tapiz de cuero.",74990000 CLP,https://www.ald.cl/ficha/241699/,https://www.RTautomotriz.com/images/ALD/Ext241699-1.jpg,Porsche,CAYENNE COUPE S 2.9,2020,47800,KM,USED,Automatic,Gasoline,SUV,NEGRO,"Comandante Malbec 13495, Lo Barnechea, Santiago, Chile",available
243575,2020 Ram 1500 LIMITED 5.7,"RAM 1500 LIMITED 5.7 2020  (243575) Dos juegos de llaves, versión Limited, motor ocho cilindros 5.700 CC Hemi, compartimientos laterales RAM BOX, modos de conducción, tracción 4x4 con reductora y bloqueo de diferencial, suspensión regulable en altura y rigidez, pisaderas laterales automáticas, volante multifuncional con velocidad crucero, calefacción y comando por voz, computador a bordo, sistema de audio alta fidelidad Harman Kardon, pantalla con cámaras de estacionamiento, navegador y conectiv",36990000 CLP,https://www.ald.cl/ficha/243575/,https://www.RTautomotriz.com/images/ALD/Ext243575-1.jpg,Ram,1500 LIMITED 5.7,2020,59500,KM,USED,Automatic,Gasoline,Pickup Truck,PLATA,"Comandante Malbec 13495, Lo Barnechea, Santiago, Chile",available
244220,2024 Ram 1500 LIMITED 4X4,"RAM 1500 LIMITED 4X4 2024  (244220) Versión Limited, motor ocho cilindros 5.700 CC Hemi, compartimientos laterales RAM BOX, modos de conducción, tracción 4x4 con reductora, suspensión regulable en altura y rigidez, pisaderas laterales automáticas, volante multifuncional con velocidad crucero, calefacción y comando por voz, computador a bordo, sistema de audio alta fidelidad Harman Kardon, pantalla con cámaras de estacionamiento, navegador y conectividad para Apple CarPlay y Android Auto, climati",46990000 CLP,https://www.ald.cl/ficha/244220/,https://www.RTautomotriz.com/images/ALD/Ext244220-1.jpg,Ram,1500 LIMITED 4X4,2024,52700,KM,USED,Automatic,Gasoline,Pickup Truck,NEGRO,"Comandante Malbec 13495, Lo Barnechea, Santiago, Chile",available
244919,2010 Land Rover RANGE ROVER SPORT V8 DIESEL 3.6,"LAND ROVER RANGE ROVER SPORT V8 DIESEL 3.6 2010  (244919) Mantenimiento al día, versión Sport, motor ocho cilindros 3.600 CC turbo diesel, caja de cambios automática con Paddle shift, modos de conducción, suspensión regulable en altura y rigidez, tracción 4x4 con reductora, volante multifuncional con velocidad crucero, computador a bordo, pantalla touch, moldura de madera, climatizador independiente, tapiz de cuero, asientos eléctricos con memoria y calefacción, sunroof.",18990000 CLP,https://www.ald.cl/ficha/244919/,https://www.RTautomotriz.com/images/ALD/Ext244919-1.jpg,Land Rover,RANGE ROVER SPORT V8 DIESEL 3.6,2010,206700,KM,USED,Automatic,Diesel,SUV,GRIS,"Comandante Malbec 13495, Lo Barnechea, Santiago, Chile",available
244921,2010 Range Rover SPORT V8 DIESEL 3.6,"RANGE ROVER SPORT V8 DIESEL 3.6 2010 MANTENIMIEN (244921) Mantenimiento al día, versión Sport, motor ocho cilindros 3.600 CC turbo diesel, caja de cambios automática con Paddle shift, modos de conducción, suspensión regulable en altura y rigidez, tracción 4x4 con reductora, volante multifuncional con velocidad crucero, computador a bordo, pantalla touch, moldura de madera, climatizador independiente, tapiz de cuero, asientos eléctricos con memoria y calefacción, sunroof.",18990000 CLP,https://www.ald.cl/ficha/244921/,https://www.RTautomotriz.com/images/ALD/Ext244921-1.jpg,Range Rover,SPORT V8 DIESEL 3.6,2010,206700,KM,USED,Automatic,Diesel,SUV,GRIS,"Comandante Malbec 13495, Lo Barnechea, Santiago, Chile",available
245096,2017 Lexus RX 350 AWD,"LEXUS RX 350 AWD 2017 MANTENIMIENTO AL DÍA  (245096) Mantenimiento al día, dos juegos de llaves, motor 3.500 CC, tracción integral permanente AWD, caja de cambios automática, modos de conducción, volante multifuncional con velocidad crucero, computador a bordo, botón de encendido start/stop, pantalla con cámara trasera de estacionamiento, bluetooth, climatizadores independientes, control de estabilidad, faros LED, asientos eléctricos con memorias, calefacción y enfriador en tres niveles, techo p",21990000 CLP,https://www.ald.cl/ficha/245096/,https://www.RTautomotriz.com/images/ALD/Ext245096-1.jpg,Lexus,RX 350 AWD,2017,127500,KM,USED,Automatic,Gasoline,Sedan,NEGRO,"Comandante Malbec 13495, Lo Barnechea, Santiago, Chile",available
246947,2018 Land Rover RANGE ROVER SPORT,"LAND ROVER RANGE ROVER SPORT 2018 HSE SDV8 DIESE (246947) Versión HSE SDV8, motor ocho cilindros 4.400 CC Turbo Diesel, caja de cambios automática con paddle shift, modos de conducción, suspensión regulable en altura y rigidez, tracción 4x4, volante multifuncional con velocidad crucero, computador a bordo, bluetooth, pantalla touch con cámara trasera de estacionamiento, cuatro climatizadores independientes (dos delanteros y dos traseros), tapiz de cuero, asientos eléctricos con calefacción, tech",44990000 CLP,https://www.ald.cl/ficha/246947/,https://www.RTautomotriz.com/images/ALD/Ext246947-1.jpg,Land Rover,RANGE ROVER SPORT,2018,91500,KM,USED,Automatic,Diesel,SUV,ROJO,"Comandante Malbec 13495, Lo Barnechea, Santiago, Chile",available
246948,2018 Range Rover SPORT,"RANGE ROVER SPORT  2018 HSE SDV8 DIESEL 4.4 (246948) Versión HSE SDV8, motor ocho cilindros 4.400 CC Turbo Diesel, caja de cambios automática con paddle shift, modos de conducción, suspensión regulable en altura y rigidez, tracción 4x4, volante multifuncional con velocidad crucero, computador a bordo, bluetooth, pantalla touch con cámara trasera de estacionamiento, cuatro climatizadores independientes (dos delanteros y dos traseros), tapiz de cuero, asientos eléctricos con calefacción, techo pan",44990000 CLP,https://www.ald.cl/ficha/246948/,https://www.RTautomotriz.com/images/ALD/Ext246948-1.jpg,Range Rover,SPORT,2018,91500,KM,USED,Automatic,Diesel,SUV,ROJO,"Comandante Malbec 13495, Lo Barnechea, Santiago, Chile",available
247169,1968 Volkswagen KOMBI,"VOLKSWAGEN KOMBI  1968  (247169) AGENDAR VISITA. Alternativas de pago, financiamiento y activación de TAG.. Compra venta vehiculos usados. Autos usados. Encuentra autos usados. Compra y venta de autos usados. El mejor stock en autos usados para todas las marcas y modelos. Autos Chile. Chile Auto. Chile Autos. Precios de Autos Usados. Autos Usados en Chile.",8990000 CLP,https://www.ald.cl/ficha/247169/,https://www.RTautomotriz.com/images/ALD/Ext247169-1.jpg,Volkswagen,KOMBI,1968,90000,KM,USED,Manual,Gasoline,Sedan,VERDE,"Comandante Malbec 13495, Lo Barnechea, Santiago, Chile",available
247170,2016 Chery GRAND TIGGO GL 2.0 MT,"CHERY GRAND TIGGO GL 2.0 MT 2016 Mecanico Full A (247170) Versión GL, motor cuatro cilindros 2.000 CC, caja de cambios manual, cinco velocidades, volante multifuncional, computador a bordo, bluetooth, pantalla touch, aire acondicionado, alzavidrios y espejos eléctricos, alarma.",5790000 CLP,https://www.ald.cl/ficha/247170/,https://www.RTautomotriz.com/images/ALD/Ext247170-1.jpg,Chery,GRAND TIGGO GL 2.0 MT,2016,115300,KM,USED,Manual,Gasoline,SUV,NEGRO,"Comandante Malbec 13495, Lo Barnechea, Santiago, Chile",available
247172,2018 Subaru OUTBACK 2.0 DIESEL AWD,SUBARU OUTBACK 2.0 DIESEL AWD 2018  (247172) $13.890.000 Crédito,13890000 CLP,https://www.ald.cl/ficha/247172/,https://www.RTautomotriz.com/images/ALD/Ext247172-1.jpg,Subaru,OUTBACK 2.0 DIESEL AWD,2018,153900,KM,USED,Automatic,Diesel,Wagon,BLANCO,"Comandante Malbec 13495, Lo Barnechea, Santiago, Chile",available
247322,2015 Kia SORENTO EX 2.4 AT,"KIA SORENTO EX 2.4 AT 2015 UN DUEÑO TRES CORRID (247322) Único dueño, versión EX, tres corridas de asientos (capacidad para siete pasajeros), motor 2.400 CC, caja de cambios automática, volante multifuncional con velocidad crucero, bluetooth, pantalla touch con cámara trasera de estacionamiento, climatizadores delanteros independientes.",10290000 CLP,https://www.ald.cl/ficha/247322/,https://www.RTautomotriz.com/images/ALD/Ext247322-1.jpg,Kia,SORENTO EX 2.4 AT,2015,193300,KM,USED,Automatic,Gasoline,SUV,BURDEO,"Comandante Malbec 13495, Lo Barnechea, Santiago, Chile",available
247471,1994 Nissan 300 ZX TARGA 3.0 COUPE,"NISSAN 300 ZX TARGA 3.0 COUPE 1994 De coleccion  (247471) Quedan pocos de este modelo en el mundo, solo 150.000 Kms con sus 2 llaves y buen estado general,",24990000 CLP,https://www.ald.cl/ficha/247471/,https://www.RTautomotriz.com/images/ALD/Ext247471-1.jpg,Nissan,300 ZX TARGA 3.0 COUPE,1994,147900,KM,USED,Manual,Gasoline,Sedan,BLANCO,"Comandante Malbec 13495, Lo Barnechea, Santiago, Chile",available
247472,2017 Volkswagen BEETLE SPORT 1.4 TURBO MT,VOLKSWAGEN BEETLE SPORT 1.4 TURBO MT 2017  (247472) Crédito $11.990.000,11990000 CLP,https://www.ald.cl/ficha/247472/,https://www.RTautomotriz.com/images/ALD/Ext247472-1.jpg,Volkswagen,BEETLE SPORT 1.4 TURBO MT,2017,104600,KM,USED,Manual,Gasoline,Sedan,BLANCO,"Comandante Malbec 13495, Lo Barnechea, Santiago, Chile",available
248422,2025 Land Rover DEFENDER 110 3.0 DIESEL 4X4 AUTOMATICO,LAND ROVER DEFENDER 110 3.0 Diesel 4X4 Automatic (248422) Valor crédito: $79.990.000,79990000 CLP,https://www.ald.cl/ficha/248422/,https://www.RTautomotriz.com/images/ALD/Ext248422-1.jpg,Land Rover,DEFENDER 110 3.0 DIESEL 4X4 AUTOMATICO,2025,17600,KM,USED,Automatic,Diesel,SUV,CAFE,"Comandante Malbec 13495, Lo Barnechea, Santiago, Chile",available
248526,2023 Chevrolet SILVERADO LT TRAIL BOSS 5.3,"CHEVROLET SILVERADO LT TRAIL BOSS 5.3 2023 Máxi (248526) Versión LT Trail Boss, motor ocho cilindros 5.300 CC, caja de cambios automática, tracción 4x4, modos de conducción, pisaderas laterales, compartimiento rígido plegable cubre carga, volante multifuncional con velocidad crucero, calefacción y comando por voz, pantalla touch con cámaras de estacionamiento (trasera y 360), Apple CarPlay y Android Auto, climatizadores delanteros independientes, botón de encendido start stop, sunroof, seis plaz",38990000 CLP,https://www.ald.cl/ficha/248526/,https://www.RTautomotriz.com/images/ALD/Ext248526-1.jpg,Chevrolet,SILVERADO LT TRAIL BOSS 5.3,2023,40300,KM,USED,Automatic,Gasoline,Pickup Truck,PLATA,"Comandante Malbec 13495, Lo Barnechea, Santiago, Chile",available
248730,2020 Ram 1500 REBEL HEMI 5.7,"RAM 1500 REBEL HEMI 5.7 2020  (248730) Versión REBEL, motor ocho cilindros Hemi 5.700 CC, tracción 4x4 con reductora, caja de cambios automática, modos de conducción, pisaderas laterales, compartimiento RAM BOX, suspensión regulable en altura y rigidez, volante multifuncional con velocidad crucero y reconocimiento por voz y calefacción, computador a bordo, pantalla touch con cámara trasera de estacionamiento y conectividad para Apple CarPlay y Android Auto, climatizadores delanteros independient",32990000 CLP,https://www.ald.cl/ficha/248730/,https://www.RTautomotriz.com/images/ALD/Ext248730-1.jpg,Ram,1500 REBEL HEMI 5.7,2020,97000,KM,USED,Automatic,Gasoline,Pickup Truck,BLANCO,"Comandante Malbec 13495, Lo Barnechea, Santiago, Chile",available
248804,2007 Nissan MURANO 3.5 AWD,"NISSAN MURANO 3.5 AWD 2007  (248804) Motor 3.500 CC, caja de cambios automática, tracción integral permanente AWD, volante multifuncional con velocidad crucero, computador a bordo, climatizadores independientes, sunroof, tapiz de cuero, sistema de audio alta fidelidad Bose.",3990000 CLP,https://www.ald.cl/ficha/248804/,https://www.RTautomotriz.com/images/ALD/Ext248804-1.jpg,Nissan,MURANO 3.5 AWD,2007,104700,KM,USED,Manual,Gasoline,SUV,PLATA,"Comandante Malbec 13495, Lo Barnechea, Santiago, Chile",available
249192,2020 Mercedes-Benz A200 1.3 AT,"MERCEDES-BENZ A200 1.3 AT 2020  (249192) Motor cuatro cilindros turbo 1.300 CC con 163 HP Y 270 NM, caja de cambios automática 7G-DCT doble embrague siete velocidades con paddle shift, modos de conducción, look AMG, volante multifuncional con velocidad crucero y comando por voz, tablero digital, computador a bordo, Bluetooth, pantalla touch con cámara trasera de estacionamiento, sensores delanteros y conectividad para Apple CarPlay y Android Auto, botón de encendido start-stop, molduras piano bl",20990000 CLP,https://www.ald.cl/ficha/249192/,https://www.RTautomotriz.com/images/ALD/Ext249192-1.jpg,Mercedes-Benz,A200 1.3 AT,2020,102200,KM,USED,Automatic,Gasoline,Sedan,PLATA,"Comandante Malbec 13495, Lo Barnechea, Santiago, Chile",available
249366,2023 Peugeot 3008 ALLURE THP 1.6 AT,PEUGEOT 3008 ALLURE THP 1.6 AT 2023 MANTENIMIENT (249366) Credito $15.990.000,15990000 CLP,https://www.ald.cl/ficha/249366/,https://www.RTautomotriz.com/images/ALD/Ext249366-1.jpg,Peugeot,3008 ALLURE THP 1.6 AT,2023,53900,KM,USED,Automatic,Gasoline,SUV,BLANCO,"Comandante Malbec 13495, Lo Barnechea, Santiago, Chile",available
249514,2007 Audi A6 3.0 TDI QUATTRO,"AUDI A6 3.0 TDI QUATTRO 2007 DIESEL MUY POCOS KM (249514) Dos dueños, Motor seis cilindros 3.000 CC turbo diesel, caja de cambios automática Tiptronic seis velocidades con paddle shift, tracción integral permanente Quattro, modos de conducción, volante multifuncional con velocidad crucero, computador a bordo, sensores de estacionamiento, molduras de madera, climatizadores independientes, botón de encendido start stop, control de estabilidad, asientos eléctricos con memorias, tapiz de cuero, sist",7990000 CLP,https://www.ald.cl/ficha/249514/,https://www.RTautomotriz.com/images/ALD/Ext249514-1.jpg,Audi,A6 3.0 TDI QUATTRO,2007,152800,KM,USED,Automatic,Diesel,Sedan,PLATA,"Comandante Malbec 13495, Lo Barnechea, Santiago, Chile",available
249577,2016 Ford F-150 XLT 3.3 AT,"FORD F-150 XLT 3.3 AT 2016  (249577) Versión XLT cabina simple, motor 3.300 CC, caja de cambios automática, tracción 4x2, volante multifuncional con velocidad crucero, Bluetooth, butacas Platinum (tres plazas y capacidad para tres pasajeros).",16990000 CLP,https://www.ald.cl/ficha/249577/,https://www.RTautomotriz.com/images/ALD/Ext249577-1.jpg,Ford,F-150 XLT 3.3 AT,2016,148600,KM,USED,Automatic,Gasoline,Pickup Truck,ROJO,"Comandante Malbec 13495, Lo Barnechea, Santiago, Chile",available
249752,2019 Citroën JUMPER III L2H2 2.0,CITROËN JUMPER III L2H2 2.0 2019  (249752) Valor crédito: $16.990.000,16990000 CLP,https://www.ald.cl/ficha/249752/,https://www.RTautomotriz.com/images/ALD/Ext249752-1.jpg,Citroën,JUMPER III L2H2 2.0,2019,54600,KM,USED,Manual,Diesel,Full Size Van,BLANCO,"Comandante Malbec 13495, Lo Barnechea, Santiago, Chile",available
250083,2021 Land Rover DEFENDER 110 FIRST EDITION 3.0,"LAND ROVER DEFENDER 110 FIRST EDITION 3.0 2021 M (250083) Mantenimiento en la marca, versión 100 First Edition, motor 3.000 CC seis cilindros con 400 HP, caja de cambios automática, tracción integral permanente, suspensión regulable en altura y rigidez, modos de conducción, volante multifuncional con velocidad crucero y comando por voz, computador a bordo, tablero digital, pantalla touch con cámaras de estacionamiento (trasera, delantera y 360), navegador y conectividad para Apple CarPlay y Andr",56290000 CLP,https://www.ald.cl/ficha/250083/,https://www.RTautomotriz.com/images/ALD/Ext250083-1.jpg,Land Rover,DEFENDER 110 FIRST EDITION 3.0,2021,95800,KM,USED,Automatic,Gasoline,SUV,CAFE,"Comandante Malbec 13495, Lo Barnechea, Santiago, Chile",available
250192,2019 Jeep WRANGLER RUBICON UNLIMITED 3.6 EQUIPADO,"JEEP WRANGLER RUBICON UNLIMITED 3.6 EQUIPADO 201 (250192) De los mejores del mercado, Jeep Wrangler Rubicon,",38990000 CLP,https://www.ald.cl/ficha/250192/,https://www.RTautomotriz.com/images/ALD/Ext250192-1.jpg,Jeep,WRANGLER RUBICON UNLIMITED 3.6 EQUIPADO,2019,74300,KM,USED,Automatic,Gasoline,SUV,NEGRO PERLADO,"Comandante Malbec 13495, Lo Barnechea, Santiago, Chile",available
250225,2018 Mercedes-Benz GLC 220D 4MATIC,"MERCEDES-BENZ GLC 220D 4MATIC 2018  (250225) Dos juegos de llaves, motor cuatro cilindros turbo diésel, caja de cambios automática 7G-Tronic, siete velocidades con paddle shift, tracción integral permanente 4MATIC, modos de conducción, volante multifuncional con velocidad crucero, computador a bordo, bluetooth, pantalla con cámara trasera de estacionamiento y aplicaciones, climatizadores independientes, control de estabilidad, faros LED.",26990000 CLP,https://www.ald.cl/ficha/250225/,https://www.RTautomotriz.com/images/ALD/Ext250225-1.jpg,Mercedes-Benz,GLC 220D 4MATIC,2018,80600,KM,USED,Automatic,Diesel,Sedan,PL,"Comandante Malbec 13495, Lo Barnechea, Santiago, Chile",available
250226,2022 Nissan NAVARA XE 2.3 AT 4WD,"NISSAN NAVARA XE 2.3 AT 4WD 2022 FACTURABLE (250226) FACTURABLE ($17.000.000), versión XE, motor cuatro cilindros 2.300 CC turbo diesel, tracción 4x4 con reductora y bloqueo de diferencial, caja de cambios automática, volante multifuncional con velocidad crucero, computador a bordo, bluetooth, pantalla touch con cámara trasera de estacionamiento, climatizadores delanteros independientes, control de estabilidad.",21990000 CLP,https://www.ald.cl/ficha/250226/,https://www.RTautomotriz.com/images/ALD/Ext250226-1.jpg,Nissan,NAVARA XE 2.3 AT 4WD,2022,83100,KM,USED,Automatic,Diesel,Pickup Truck,BLANCO,"Comandante Malbec 13495, Lo Barnechea, Santiago, Chile",available
250227,2024 Volvo XC90 B6 AWD,"VOLVO XC90 B6 AWD 2024 MANTENIMIENTO EN LA MARCA (250227) Único dueño, mantenimiento en la marca, dos juegos de llaves, versión B6 Mild Hybrid, tracción integral permanente AWD, motor cuatro cilindros 2.000 CC turbo, tres corridas de asientos (capacidad para siete pasajeros), caja de cambios automática, modos de conducción, volante multifuncional con velocidad crucero, reconocimiento por voz y calefacción, computador a bordo, pantalla touch con cámara trasera de estacionamiento, climatizadores i",52990000 CLP,https://www.ald.cl/ficha/250227/,https://www.RTautomotriz.com/images/ALD/Ext250227-1.jpg,Volvo,XC90 B6 AWD,2024,34300,KM,USED,Automatic,Hybrid,SUV,GRIS,"Comandante Malbec 13495, Lo Barnechea, Santiago, Chile",available
250343,2011 Ferrari CALIFORNIA F149 4.3,"FERRARI CALIFORNIA F149 4.3 2011 Cuidado maniati (250343) Motor ocho cilindros 4.300 CC, caja de cambios automática, doble embrague con paddle shift, modos de conducción, tracción trasera, capota rígida, volante multifuncional, computador a bordo, frenos con discos perforados, asientos eléctricos, botón de encendido start-stop, climatizadores independientes.",139990000 CLP,https://www.ald.cl/ficha/250343/,https://www.RTautomotriz.com/images/ALD/Ext250343-1.jpg,Ferrari,CALIFORNIA F149 4.3,2011,34800,KM,USED,Automatic,Gasoline,Coupe,NEGRO,"Comandante Malbec 13495, Lo Barnechea, Santiago, Chile",available
250345,2024 Honda WR-V LX 1.5 MT,"HONDA WR-V LX 1.5 MT 2024 MANTENIMIENTO EN LA MA (250345) Mantenimiento en la marca, único dueño, versión LX, motor cuatro cilindros 1.500 CC, caja de cambios manual cinco velocidades, computador a bordo, pantalla touch con cámara trasera de estacionamiento y sensores, bluetooth, aire acondicionado, alzavidrios y espejos eléctricos, alarma.",12990000 CLP,https://www.ald.cl/ficha/250345/,https://www.RTautomotriz.com/images/ALD/Ext250345-1.jpg,Honda,WR-V LX 1.5 MT,2024,34800,KM,USED,Manual,Gasoline,SUV,BLANCO,"Comandante Malbec 13495, Lo Barnechea, Santiago, Chile",available
250698,2019 Peugeot PARTNER HDI 1.6 MT DIESEL,"PEUGEOT PARTNER HDI 1.6 MT Diesel 2019 Recien sa (250698) Impecable, uso carretera, Motor 1.600 CC turbo diesel, caja de cambios manual, cinco velocidades, volante con telecomando, computador a bordo, radio original integrada, aire acondicionado, alzavidrios eléctricos,",8990000 CLP,https://www.ald.cl/ficha/250698/,https://www.RTautomotriz.com/images/ALD/Ext250698-1.jpg,Peugeot,PARTNER HDI 1.6 MT DIESEL,2019,186600,KM,USED,Manual,Diesel,Full Size Van,BLANCO,"Comandante Malbec 13495, Lo Barnechea, Santiago, Chile",available
250699,2023 Jeep GRAND CHEROKEE LIMITED 4X4 3.6 AT,"JEEP GRAND CHEROKEE LIMITED 4X4 3.6 AT 2023  (250699) Versión Limited, motor seis cilindros 3.600 CC Pentastar, caja de cambios automática con Paddle shift, modos de conducción, tracción 4x4 con reductora, control de descenso y estabilidad, volante multifuncional con velocidad crucero, calefacción y comando por voz, computador a bordo, pantalla touch con cámara trasera de estacionamiento y aplicaciones, climatizadores delanteros independientes, botón de encendido start/stop, tapiz de cuero, tech",42490000 CLP,https://www.ald.cl/ficha/250699/,https://www.RTautomotriz.com/images/ALD/Ext250699-1.jpg,Jeep,GRAND CHEROKEE LIMITED 4X4 3.6 AT,2023,22900,KM,USED,Automatic,Gasoline,SUV,NEGRO,"Comandante Malbec 13495, Lo Barnechea, Santiago, Chile",available
250701,2013 Mercedes-Benz ML 350 4MATIC,"MERCEDES-BENZ ML 350 4MATIC  2013 UN DUEÑO MANT (250701) Único dueño, mantenimiento en concesionario oficial de la marca, motor seis cilindros, tracción integral permanente 4MATIC, llantas AMG, frenos con discos perforados, caja de cambios automática 7G-Tronic siete velocidades, modos de conducción, volante multifuncional con velocidad crucero, computador a bordo, molduras de madera, asientos eléctricos con memorias, control de descenso y estabilidad.",15490000 CLP,https://www.ald.cl/ficha/250701/,https://www.RTautomotriz.com/images/ALD/Ext250701-1.jpg,Mercedes-Benz,ML 350 4MATIC,2013,229500,KM,USED,Automatic,Gasoline,Sedan,CAFE,"Comandante Malbec 13495, Lo Barnechea, Santiago, Chile",available
250702,2021 Bmw X2 18I SDRIVE,BMW X2 18i sDRIVE 2021 Full Equipo Cuero Impecab (250702) Credito $23.490.000,22990000 CLP,https://www.ald.cl/ficha/250702/,https://www.RTautomotriz.com/images/ALD/Ext250702-1.jpg,Bmw,X2 18I SDRIVE,2021,89300,KM,USED,Automatic,Gasoline,Sedan,PLATA,"Comandante Malbec 13495, Lo Barnechea, Santiago, Chile",available
250731,2013 Mercedes-Benz SLK350 ROADSTER V6,"MERCEDES-BENZ SLK350 ROADSTER V6 2013  (250731) Convertible (techo rígido), motor seis cilindros, caja de cambios automática 7G-tronic con paddle shift, modos de conducción, tracción trasera, frenos con discos perforados, volante multifuncional con velocidad crucero, molduras de aluminio, sensores de estacionamiento, climatizador, asientos con calefacción.",28990000 CLP,https://www.ald.cl/ficha/250731/,https://www.RTautomotriz.com/images/ALD/Ext250731-1.jpg,Mercedes-Benz,SLK350 ROADSTER V6,2013,79700,KM,USED,Automatic,Gasoline,Sedan,PLATA,"Comandante Malbec 13495, Lo Barnechea, Santiago, Chile",available
250732,2017 Lexus IS 200 2.0 TURBO,"LEXUS IS 200 2.0 TURBO 2017  (250732) Motor cuatro cilindros 2.000 CC turbo, caja de cambios automática Tiptronic con paddle shift, modos de conducción, volante multifuncional con velocidad crucero, computador a bordo, bluetooth, pantalla con cámara trasera de estacionamiento, climatizadores delanteros independientes, asientos eléctricos con memorias y enfriador en tres niveles, sunroof, control de estabilidad.",18480000 CLP,https://www.ald.cl/ficha/250732/,https://www.RTautomotriz.com/images/ALD/Ext250732-1.jpg,Lexus,IS 200 2.0 TURBO,2017,136500,KM,USED,Automatic,Gasoline,Sedan,PLATA,"Comandante Malbec 13495, Lo Barnechea, Santiago, Chile",available
250878,2001 Mercedes-Benz SL500 ROADSTER,"MERCEDES-BENZ SL500 ROADSTER  2001 V8 5.000 CC (250878) Kit Carlsson (escapes, llantas, parachoques, volante, lip trasero), motor ocho cilindros 5.000 CC con 306 HP, caja de cambios cinco velocidades, modos de conducción, tracción trasera, frenos con discos perforados, llantas aro 20, volante multifuncional con velocidad crucero y ajuste electrónico, computador a bordo, pantalla touch con cámara trasera de estacionamiento, molduras de madera, climatizadores delanteros independientes, tapiz de cu",27990000 CLP,https://www.ald.cl/ficha/250878/,https://www.RTautomotriz.com/images/ALD/Ext250878-1.jpg,Mercedes-Benz,SL500 ROADSTER,2001,134900,KM,USED,Automatic,Gasoline,Coupe,PLATA,"Comandante Malbec 13495, Lo Barnechea, Santiago, Chile",available
250907,2022 Land Rover DEFENDER 110 3.0 ID,LAND ROVER DEFENDER 110 3.0 iD  2022 MANTENIMIEN (250907) Credito $59.990.000,59990000 CLP,https://www.ald.cl/ficha/250907/,https://www.RTautomotriz.com/images/ALD/Ext250907-1.jpg,Land Rover,DEFENDER 110 3.0 ID,2022,49700,KM,USED,Automatic,Diesel,SUV,GRIS,"Comandante Malbec 13495, Lo Barnechea, Santiago, Chile",available
250923,2015 Land Rover RANGE ROVER SPORT HSE,"LAND ROVER RANGE ROVER SPORT HSE  2015 DIESEL 3. (250923) Versión HSE, motor seis cilindros 3.000 CC turbo diésel, caja de cambios automática, modos de conducción, tracción integral permanente AWD, suspensión regulable en altura y rigidez, control de estabilidad y descenso, volante multifuncional con velocidad crucero, reconocimiento por voz y calefacción, computador a bordo,  pantalla touch con cámara trasera de estacionamiento, bluetooth, cuatro climatizadores independientes (dos delanteros y ",29990000 CLP,https://www.ald.cl/ficha/250923/,https://www.RTautomotriz.com/images/ALD/Ext250923-1.jpg,Land Rover,RANGE ROVER SPORT HSE,2015,90300,KM,USED,Automatic,Diesel,SUV,GRIS,"Comandante Malbec 13495, Lo Barnechea, Santiago, Chile",available
250924,2015 Range Rover SPORT HSE,"RANGE ROVER SPORT HSE 2015 DIESEL 3.0  (250924) Versión HSE, motor seis cilindros 3.000 CC turbo diésel, caja de cambios automática, modos de conducción, tracción integral permanente AWD, suspensión regulable en altura y rigidez, control de estabilidad y descenso, volante multifuncional con velocidad crucero, reconocimiento por voz y calefacción, computador a bordo, pantalla touch con cámara trasera de estacionamiento, bluetooth, cuatro climatizadores independientes (dos delanteros y dos trasero",29990000 CLP,https://www.ald.cl/ficha/250924/,https://www.RTautomotriz.com/images/ALD/Ext250924-1.jpg,Range Rover,SPORT HSE,2015,90300,KM,USED,Automatic,Diesel,SUV,GRIS,"Comandante Malbec 13495, Lo Barnechea, Santiago, Chile",available
251067,2016 Audi TT COUPE 2.0 TURBO,"AUDI TT COUPE 2.0 TURBO 2016 VEHICULO CON PERDID (251067) Versión Coupe, S Line, motor cuatro cilindros 2.000 CC turbo, caja de cambios automática S Tronic, doble embrague, siete velocidades con paddle shift, modo de conducción, volante multifuncional con velocidad de crucero y reconocimiento por voz, computador a bordo, tablero digital con navegador, bluetooth, botón de encendido start-stop, climatizador, spoiler desplegable, control de estabilidad, faros de xenón y LED.",20990000 CLP,https://www.ald.cl/ficha/251067/,https://www.RTautomotriz.com/images/ALD/Ext251067-1.jpg,Audi,TT COUPE 2.0 TURBO,2016,132600,KM,USED,Automatic,Gasoline,Coupe,BLANCO,"Comandante Malbec 13495, Lo Barnechea, Santiago, Chile",available
251070,2021 Maxus T60 GL 2.8 AT,MAXUS T60 GL 2.8 AT 2021  (251070) Valor crédito: $10.990.000,10990000 CLP,https://www.ald.cl/ficha/251070/,https://www.RTautomotriz.com/images/ALD/Ext251070-1.jpg,Maxus,T60 GL 2.8 AT,2021,218400,KM,USED,Automatic,Diesel,Pickup Truck,GRIS,"Comandante Malbec 13495, Lo Barnechea, Santiago, Chile",available
251205,2019 Mitsubishi L200 CRT 4X4 MT,"MITSUBISHI L200  CRT 4x4 MT 2019  (251205) Versión CRT, motor 2.400 CC turbo diesel, caja de cambios manual, seis velocidades, tracción 4x4 con reductora, volante con velocidad crucero, computador a bordo, aire acondicionado, espejos eléctricos, alarma.",11990000 CLP,https://www.ald.cl/ficha/251205/,https://www.RTautomotriz.com/images/ALD/Ext251205-1.jpg,Mitsubishi,L200 CRT 4X4 MT,2019,168400,KM,USED,Manual,Diesel,Pickup Truck,ROJO,"Comandante Malbec 13495, Lo Barnechea, Santiago, Chile",available
251279,2015 Mazda 2 SPORT 1.5 MT,"MAZDA 2 SPORT 1.5 MT 2015  (251279) Versión Sport, motor cuatro cilindros 1.500 CC, caja de cambios manual cinco velocidades, volante multifuncional, computador a bordo, aire acondicionado, alzavidrios y espejos eléctricos, alarma.",6990000 CLP,https://www.ald.cl/ficha/251279/,https://www.RTautomotriz.com/images/ALD/Ext251279-1.jpg,Mazda,2 SPORT 1.5 MT,2015,84100,KM,USED,Manual,Gasoline,Sedan,BLANCO,"Comandante Malbec 13495, Lo Barnechea, Santiago, Chile",available
251332,2017 Volkswagen CRAFTER 50,VOLKSWAGEN CRAFTER 50 2017 CAPACIDAD 20 PASAJERO (251332) Valor crédito: $19.990.000,19990000 CLP,https://www.ald.cl/ficha/251332/,https://www.RTautomotriz.com/images/ALD/Ext251332-1.jpg,Volkswagen,CRAFTER 50,2017,236100,KM,USED,Manual,Diesel,Sedan,ROJO,"Comandante Malbec 13495, Lo Barnechea, Santiago, Chile",available
251402,2024 Audi A5 COUPE 40 TFSI,AUDI A5 COUPE 40 TFSI 2024 MANTENIMIENTO EN MAR (251402) Valor crédito: $36.990.000,36990000 CLP,https://www.ald.cl/ficha/251402/,https://www.RTautomotriz.com/images/ALD/Ext251402-1.jpg,Audi,A5 COUPE 40 TFSI,2024,33800,KM,USED,Automatic,Gasoline,Coupe,BLANCO,"Comandante Malbec 13495, Lo Barnechea, Santiago, Chile",available
251431,2023 Land Rover DEFENDER 90 3.0I AT,LAND ROVER DEFENDER 90 3.0i AT 2023  (251431) Valor crédito: $74.990.000,74990000 CLP,https://www.ald.cl/ficha/251431/,https://www.RTautomotriz.com/images/ALD/Ext251431-1.jpg,Land Rover,DEFENDER 90 3.0I AT,2023,26100,KM,USED,Automatic,Gasoline,SUV,PLATA,"Comandante Malbec 13495, Lo Barnechea, Santiago, Chile",available
251507,2015 Volvo V40 CROSS COUNTRY T4,VOLVO V40 CROSS COUNTRY T4 2015  (251507) Valor crédito: $9.990.000,9990000 CLP,https://www.ald.cl/ficha/251507/,https://www.RTautomotriz.com/images/ALD/Ext251507-1.jpg,Volvo,V40 CROSS COUNTRY T4,2015,104900,KM,USED,Automatic,Gasoline,Wagon,PLATEADO,"Comandante Malbec 13495, Lo Barnechea, Santiago, Chile",available
251536,2015 Porsche MACAN TURBO 3.6,"PORSCHE MACAN TURBO 3.6  2015  (251536) Motor seis cilindros 3.600 CC turbo, caja de cambios automática PDK, doble embrague con paddle shift, modos de conducción, tracción integral permanente AWD, volante multifuncional con velocidad crucero, computador a bordo, bluetooth, pantalla touch, suspensión regulable en altura y rigidez, climatizadores independientes, techo panorámico, asientos eléctricos con memorias, calefacción y enfriador en tres niveles, sistema de audio alta fidelidad Burmester.",37980000 CLP,https://www.ald.cl/ficha/251536/,https://www.RTautomotriz.com/images/ALD/Ext251536-1.jpg,Porsche,MACAN TURBO 3.6,2015,130100,KM,USED,Automatic,Gasoline,SUV,GRIS,"Comandante Malbec 13495, Lo Barnechea, Santiago, Chile",available
251617,2025 Mg ZS EV DLX,"MG ZS EV DLX 2025 100% ELÉCTRICO (251617) 100% Eléctrico, versión DLX, volante multifuncional, computador a bordo, tablero digital, bluetooth, botón de encendido start-stop, pantalla touch con cámara de estacionamiento y conectividad para Apple CarPlay y Android Auto, cargador inalámbrico para Smartphone, techo panorámico, asientos eléctricos.",21990000 CLP,https://www.ald.cl/ficha/251617/,https://www.RTautomotriz.com/images/ALD/Ext251617-1.jpg,Mg,ZS EV DLX,2025,200,KM,USED,Automatic,Electric,SUV,PLATA,"Comandante Malbec 13495, Lo Barnechea, Santiago, Chile",available
251649,2023 Honda CB 190 RI,"HONDA CB 190 RI 2023 ÚNICO DUEÑO (251649) Único dueño, motor 190 CC, caja de cambios manual, frenos con discos perforados.",1800000 CLP,https://www.ald.cl/ficha/251649/,https://www.RTautomotriz.com/images/ALD/Ext251649-1.jpg,Honda,CB 190 RI,2023,15900,KM,USED,Manual,Gasoline,Sedan,BLANCO,"Comandante Malbec 13495, Lo Barnechea, Santiago, Chile",available
251702,2017 Land Rover RANGE ROVER EVOQUE DYNAMIC 2.0,LAND ROVER RANGE ROVER EVOQUE DYNAMIC 2.0  2017  (251702) Valor crédito: $28.990.000,27990000 CLP,https://www.ald.cl/ficha/251702/,https://www.RTautomotriz.com/images/ALD/Ext251702-1.jpg,Land Rover,RANGE ROVER EVOQUE DYNAMIC 2.0,2017,41900,KM,USED,Automatic,Gasoline,SUV,GRIS,"Comandante Malbec 13495, Lo Barnechea, Santiago, Chile",available
251704,2017 Range Rover EVOQUE DYNAMIC 2.0,RANGE ROVER EVOQUE DYNAMIC 2.0  2017  (251704) Valor crédito: $28.990.000,26990000 CLP,https://www.ald.cl/ficha/251704/,https://www.RTautomotriz.com/images/ALD/Ext251704-1.jpg,Range Rover,EVOQUE DYNAMIC 2.0,2017,41900,KM,USED,Automatic,Gasoline,SUV,GRIS,"Comandante Malbec 13495, Lo Barnechea, Santiago, Chile",available
251734,2014 Mercedes-Benz E200 COUPE 2.0,"MERCEDES-BENZ E200 COUPE 2.0 2014 (PERDIDA TOTAL (251734) Versión Coupe, motor cuatro cilindros 2.000 CC turbo, caja de cambios automática 7G-tronic siete velocidades, modos de conducción, frenos con discos perforados, volante multifuncional con velocidad crucero, computador a bordo, sensores de estacionamiento, climatizadores delanteros independientes, control de estabilidad, molduras de aluminio.",16990000 CLP,https://www.ald.cl/ficha/251734/,https://www.RTautomotriz.com/images/ALD/Ext251734-1.jpg,Mercedes-Benz,E200 COUPE 2.0,2014,93700,KM,USED,Automatic,Gasoline,Sedan,AZUL,"Comandante Malbec 13495, Lo Barnechea, Santiago, Chile",available
251750,2024 Ducati MULTISTRADA V2 S,DUCATI MULTISTRADA V2 S 2024  (251750) Valor crédito: $15.490.000,15490000 CLP,https://www.ald.cl/ficha/251750/,https://www.RTautomotriz.com/images/ALD/Ext251750-1.jpg,Ducati,MULTISTRADA V2 S,2024,4500,KM,USED,Manual,Gasoline,Coupe,NEGRO,"Comandante Malbec 13495, Lo Barnechea, Santiago, Chile",available
251760,2013 Land Rover RANGE ROVER VOGUE 3.0,"LAND ROVER RANGE ROVER VOGUE 3.0 2013 UN DUEÑO  (251760) Único dueño, mantenimiento recién hecho,  versión Vogue, motor turbo diésel seis cilindros 3.000 CC, caja de cambios automática con paddle shift, modos de conducción, suspensión regulable en altura y rigidez, volante multifuncional con velocidad crucero y reconocimiento por voz, computador a bordo, tablero digital, pantalla touch con cámara de estacionamiento, botón de encendido start-stop, climatizadores independientes, molduras piano bla",29990000 CLP,https://www.ald.cl/ficha/251760/,https://www.RTautomotriz.com/images/ALD/Ext251760-1.jpg,Land Rover,RANGE ROVER VOGUE 3.0,2013,152600,KM,USED,Automatic,Diesel,SUV,BLANCO,"Comandante Malbec 13495, Lo Barnechea, Santiago, Chile",available
251761,2013 Range Rover VOGUE 3.0,"RANGE ROVER VOGUE 3.0 2013 UN DUEÑO MANTENIMIEN (251761) Único dueño, mantenimiento recién hecho,  versión Vogue, motor turbo diésel seis cilindros 3.000 CC, caja de cambios automática con paddle shift, modos de conducción, suspensión regulable en altura y rigidez, volante multifuncional con velocidad crucero y reconocimiento por voz, computador a bordo, tablero digital, pantalla touch con cámara de estacionamiento, botón de encendido start-stop, climatizadores independientes, molduras piano bla",29990000 CLP,https://www.ald.cl/ficha/251761/,https://www.RTautomotriz.com/images/ALD/Ext251761-1.jpg,Range Rover,VOGUE 3.0,2013,152600,KM,USED,Automatic,Diesel,SUV,BLANCO,"Comandante Malbec 13495, Lo Barnechea, Santiago, Chile",available
251829,2021 Can Am RENEGADE 1.000 R 4X4,"CAN-AM RENEGADE 1.000 R 4x4 2021 EDICIÓN LIMITA (251829) Edición Limitada, motor 1.000 CC, tracción 4x4, suspensión Fox, caja de cambios automática, computador a bordo.",14990000 CLP,https://www.ald.cl/ficha/251829/,https://www.RTautomotriz.com/images/ALD/Ext251829-1.jpg,Can Am,RENEGADE 1.000 R 4X4,2021,29,KM,USED,Automatic,Gasoline,SUV,NEGRO,"Comandante Malbec 13495, Lo Barnechea, Santiago, Chile",available
251830,2021 Maxus T60 DX 2.8 MT,"MAXUS T60 DX 2.8 MT 2021  (251830) Mantenimiento al día, versión DX, motor 2.800 CC turbo diesel, caja de cambios manual, doble airbag, modos de conducción, computador a bordo, radio original integrada, aire acondicionado, alza vidrios y espejos eléctricos, alarma.",9990000 CLP,https://www.ald.cl/ficha/251830/,https://www.RTautomotriz.com/images/ALD/Ext251830-1.jpg,Maxus,T60 DX 2.8 MT,2021,103900,KM,USED,Manual,Diesel,Pickup Truck,PLATA,"Comandante Malbec 13495, Lo Barnechea, Santiago, Chile",available
251831,2013 Porsche CAYENNE E2 DIESEL 3.6,PORSCHE CAYENNE E2 DIESEL 3.6 2013  (251831) $21.990.000 Credito,21990000 CLP,https://www.ald.cl/ficha/251831/,https://www.RTautomotriz.com/images/ALD/Ext251831-1.jpg,Porsche,CAYENNE E2 DIESEL 3.6,2013,132500,KM,USED,Automatic,Diesel,SUV,GRIS,"Comandante Malbec 13495, Lo Barnechea, Santiago, Chile",available
251862,2024 Peugeot 308 GT 1.2,PEUGEOT 308 GT 1.2 2024  (251862) Precio crédito: $18.990.000,18990000 CLP,https://www.ald.cl/ficha/251862/,https://www.RTautomotriz.com/images/ALD/Ext251862-1.jpg,Peugeot,308 GT 1.2,2024,16100,KM,USED,Automatic,Gasoline,Sedan,GRIS,"Comandante Malbec 13495, Lo Barnechea, Santiago, Chile",available
251863,2019 Volvo V60 CROSS COUNTRY D4 AWD,VOLVO V60 CROSS COUNTRY D4 AWD 2019  (251863) Precio crédito: $14.990.000,14990000 CLP,https://www.ald.cl/ficha/251863/,https://www.RTautomotriz.com/images/ALD/Ext251863-1.jpg,Volvo,V60 CROSS COUNTRY D4 AWD,2019,162600,KM,USED,Automatic,Diesel,Wagon,BLANCO,"Comandante Malbec 13495, Lo Barnechea, Santiago, Chile",available
251965,2019 Mclaren 720 S COUPE 4.0,"MCLAREN 720 S COUPE 4.0 2019 EQUIPO EXTRA (251965) Motor central ocho cilindros biturbo, escapes Capristo, caja de cambios doble embrague con Paddle shift, modos de conducción, frenos con discos perforados, launch control, volante multifuncional, computador a bordo, butacas tapizadas en Alcántara, control de tracción, botón de encendido start stop.",229990000 CLP,https://www.ald.cl/ficha/251965/,https://www.RTautomotriz.com/images/ALD/Ext251965-1.jpg,Mclaren,720 S COUPE 4.0,2019,12800,KM,USED,Automatic,Gasoline,Sedan,NEGRO,"Comandante Malbec 13495, Lo Barnechea, Santiago, Chile",available
252040,2014 Chevrolet SONIC LT HB 1.6 MT,CHEVROLET SONIC LT HB 1.6 MT 2014  (252040) Valor crédito: $5.190.000,4990000 CLP,https://www.ald.cl/ficha/252040/,https://www.RTautomotriz.com/images/ALD/Ext252040-1.jpg,Chevrolet,SONIC LT HB 1.6 MT,2014,125400,KM,USED,Manual,Gasoline,Sedan,BLANCO,"Comandante Malbec 13495, Lo Barnechea, Santiago, Chile",available
252048,2013 Subaru OUTBACK LIMITED 2.5 CVT AWD,"SUBARU OUTBACK  LIMITED 2.5 CVT AWD 2013  (252048) Versión Limited, motor cuatro cilindros 2.500 CC bóxer, caja de cambios automática CVT, tracción integral permanente AWD, volante multifuncional con velocidad crucero y computador a bordo, pantalla touch con cámara trasera de estacionamiento, bluetooth, control de estabilidad, sunroof, tapiz de cuero, asientos eléctricos.",7990000 CLP,https://www.ald.cl/ficha/252048/,https://www.RTautomotriz.com/images/ALD/Ext252048-1.jpg,Subaru,OUTBACK LIMITED 2.5 CVT AWD,2013,181200,KM,USED,Automatic,Gasoline,Wagon,GRAFITO,"Comandante Malbec 13495, Lo Barnechea, Santiago, Chile",available
252169,2020 Ram 1500 SLT 3.6 4X4,"RAM 1500 SLT 3.6 4x4 2020  (252169) Versión SLT, motor 3.600 CC, caja de cambios automática, tracción 4x4, pisaderas laterales, volante multifuncional con velocidad crucero y reconocimiento por voz, computador a bordo, pantalla touch con cámara trasera de estacionamiento, lona marítima, climatizadores delanteros independientes.",26990000 CLP,https://www.ald.cl/ficha/252169/,https://www.RTautomotriz.com/images/ALD/Ext252169-1.jpg,Ram,1500 SLT 3.6 4X4,2020,65100,KM,USED,Automatic,Gasoline,Pickup Truck,AZUL,"Comandante Malbec 13495, Lo Barnechea, Santiago, Chile",available
252170,2017 Audi A6 1.8 TURBO,"AUDI A6 1.8 TURBO 2017 MANTENIMIENTO EN LA MARCA (252170) Mantenimiento en concesionario oficial de la marca, único dueño, motor cuatro cilindros 1.800 CC turbo, caja de cambios automática Multitronic con paddle shift, ocho velocidades, modos de conducción, volante multifuncional con velocidad crucero, computador a bordo, bluetooth, pantalla con cámara trasera de estacionamiento y sensores delanteros, climatizadores delanteros independientes, molduras de madera, botón de encendido start-stop, as",15990000 CLP,https://www.ald.cl/ficha/252170/,https://www.RTautomotriz.com/images/ALD/Ext252170-1.jpg,Audi,A6 1.8 TURBO,2017,127400,KM,USED,Automatic,Gasoline,Sedan,PLATEADO,"Comandante Malbec 13495, Lo Barnechea, Santiago, Chile",available
252212,2019 Jeep GRAND CHEROKEE LIMITED 3.6 4X4,JEEP GRAND CHEROKEE LIMITED 3.6 4x4  2019 UN DUE (252212) Valor crédito: $19.990.000,19990000 CLP,https://www.ald.cl/ficha/252212/,https://www.RTautomotriz.com/images/ALD/Ext252212-1.jpg,Jeep,GRAND CHEROKEE LIMITED 3.6 4X4,2019,121400,KM,USED,Automatic,Gasoline,SUV,GRAFITO,"Comandante Malbec 13495, Lo Barnechea, Santiago, Chile",available
252213,2021 Mercedes-Benz GLB 200 1.5 TURBO,"MERCEDES-BENZ GLB 200 1.5 TURBO 2021  (252213) Motor 1.500 CC turbo, caja de cambios automática 9G-Tronic, nueve velocidades con paddle shift, modos de conducción, tracción 4x2, volante multifuncional con velocidad crucero y reconocimiento por voz, computador a bordo, bluetooth, pantalla touch con cámara trasera de estacionamiento y conectividad para Apple CarPlay y Android Auto, climatizador, molduras piano black, faros LED, control de estabilidad, botón de encendido start-stop.",25990000 CLP,https://www.ald.cl/ficha/252213/,https://www.RTautomotriz.com/images/ALD/Ext252213-1.jpg,Mercedes-Benz,GLB 200 1.5 TURBO,2021,32300,KM,USED,Automatic,Gasoline,Sedan,BLANCO,"Comandante Malbec 13495, Lo Barnechea, Santiago, Chile",available
252231,2012 Porsche BOXSTER S,"PORSCHE BOXSTER S  2012  (252231)  Mantenimiento al dia, copia de llave, versión S 987.2, motor central seis cilindros Boxer 3.400 CC con 295 HP, caja de cambios automática PDK doble embrague siete velocidades con Paddle shift, modos de conducción, frenos con discos perforados, volante multifuncional con velocidad crucero, computador a bordo, pantalla touch, sensores de estacionamiento, climatizador, spoiler regulable, asientos eléctricos con memorias y calefacción, sistema de audio alta fidelid",36490000 CLP,https://www.ald.cl/ficha/252231/,https://www.RTautomotriz.com/images/ALD/Ext252231-1.jpg,Porsche,BOXSTER S,2012,36200,KM,USED,Automatic,Gasoline,Coupe,BLANCO,"Comandante Malbec 13495, Lo Barnechea, Santiago, Chile",available
252352,1996 Toyota HILUX 2.4 MT 4X4,"TOYOTA HILUX 2.4 MT 4x4 1996 EQUIPO EXTRA  (252352) Neumáticos MT, pisaderas laterales, neblineros, motor 2.400 CC, tracción 4x4 con reductora, caja de cambios manual cinco velocidades, aire acondicionado.",12990000 CLP,https://www.ald.cl/ficha/252352/,https://www.RTautomotriz.com/images/ALD/Ext252352-1.jpg,Toyota,HILUX 2.4 MT 4X4,1996,289000,KM,USED,Manual,Gasoline,Pickup Truck,NEGRO,"Comandante Malbec 13495, Lo Barnechea, Santiago, Chile",available
252517,2025 Bmw M5 4.4 TWIN POWER TURBO HIBRIDO,"BMW M5 4.4 TWIN POWER TURBO HIBRIDO 2025  (252517) HÍBRIDO (motor ocho cilindros 4.400 cc twin power turbo + eléctrico. Potencia total 727 HP a 6.500 RPM y 1.000 NM), caja de cambios automática M Steptronic Dual Logic ocho velocidades con paddle shift, tracción integral M xDrive desconectable, diferencial autoblocante, launch control, frenos con discos perforados, volante multifuncional con velocidad crucero y reconocimiento por voz, computador a bordo, tablero digital, bluetooth, pantalla iDriv",149800000 CLP,https://www.ald.cl/ficha/252517/,https://www.RTautomotriz.com/images/ALD/Ext252517-1.jpg,Bmw,M5 4.4 TWIN POWER TURBO HIBRIDO,2025,3900,KM,USED,Automatic,Hybrid,Sedan,BLANCO,"Comandante Malbec 13495, Lo Barnechea, Santiago, Chile",available
252593,2021 Land Rover DEFENDER 110 4X4 3.0 AT,"LAND ROVER DEFENDER 110 4x4 3.0 AT 2021 MANTENIM (252593) Mantenimiento en la marca, único dueño, versión 110, motor seis cilindros 3.000 CC turbo, tracción 4x4 con reductora y bloqueo de diferencial, suspensión regulable en altura y rigidez, volante multifuncional con velocidad crucero adaptativo y calefacción, comando por voz, pantalla touch con cámaras de estacionamiento (trasera y laterales), botón de encendido start-stop, climatizadores independientes, techo panorámico.",62990000 CLP,https://www.ald.cl/ficha/252593/,https://www.RTautomotriz.com/images/ALD/Ext252593-1.jpg,Land Rover,DEFENDER 110 4X4 3.0 AT,2021,81300,KM,USED,Automatic,Gasoline,SUV,VERDE,"Comandante Malbec 13495, Lo Barnechea, Santiago, Chile",available
252594,2023 Chevrolet TAHOE PREMIER 5.3L 4WD,"CHEVROLET TAHOE PREMIER 5.3L 4WD 2023 TRES CORRI (252594) Versión Premier, tres corridas de asientos (capacidad para ocho pasajeros), motor ocho cilindros 5.300 CC, caja de cambios automática, modos de conducción, tracción 4x4 con reductora, volante multifuncional con velocidad crucero, calefacción y comando por voz, pantalla touch con cámaras de estacionamiento (trasera, delantera y 360), Apple CarPlay y Android Auto, climatizadores independientes, asientos eléctricos con memorias y calefacción",46990000 CLP,https://www.ald.cl/ficha/252594/,https://www.RTautomotriz.com/images/ALD/Ext252594-1.jpg,Chevrolet,TAHOE PREMIER 5.3L 4WD,2023,81300,KM,USED,Automatic,Gasoline,Sedan,NEGRO,"Comandante Malbec 13495, Lo Barnechea, Santiago, Chile",available
252598,2009 Porsche 911 TURBO CABRIO 997.1,"PORSCHE 911 TURBO CABRIO 997.1 2009  (252598) Versión 997.1 cabrio (convertible), motor trasero seis cilindrs bóxer 3.600 cc turbo con geometría variable, caja de cambios automática tiptronic cinco velocidades con mandos al volante, tracción integral permanente, modos de conducción, frenos con discos perforados, spoiler trasero, velocidad crucero, computador a bordo, sport chrono, tapiz de cuero, asientos eléctricos con memorias y calefacción en dos niveles, sistema de audio alta fidelidad Bose,",73990000 CLP,https://www.ald.cl/ficha/252598/,https://www.RTautomotriz.com/images/ALD/Ext252598-1.jpg,Porsche,911 TURBO CABRIO 997.1,2009,69900,KM,USED,Automatic,Gasoline,Coupe,PLATA,"Comandante Malbec 13495, Lo Barnechea, Santiago, Chile",available
252607,2011 Ferrari 458 ITALIA COUPE,"FERRARI 458 ITALIA COUPE  2011 V8 4.5 (252607)  Versión Coupe, motor central ocho cilindros con 32 válvulas, inyección directa 4.500 CC con 570 HP y 540 NM, caja de cambios Getrag doble embrague siete velocidades con paddle shift, 0-100 KM/H en 3,4 segundos, frenos carbo cerámicos Brembo con calipers de aluminio de seis pistones, Manettino con modos de conducción, volante multifuncional, climatizador, tapiz de cuero, asientos eléctricos, faros LED, control de tracción F1-Trac.",159900000 CLP,https://www.ald.cl/ficha/252607/,https://www.RTautomotriz.com/images/ALD/Ext252607-1.jpg,Ferrari,458 ITALIA COUPE,2011,57500,KM,USED,Automatic,Gasoline,Sedan,AMARILLO,"Comandante Malbec 13495, Lo Barnechea, Santiago, Chile",available
252648,2013 Bmw X5 M,"BMW X5 M 2013 555 HP 4.4 TURBO (252648) Motor ocho cilindros 4.400 CC turbo con 555 HP, caja de cambios automática con paddle shift, modos de conducción, tracción integral permanente AWD, volante multifuncional con velocidad crucero y reconocimiento por voz, computador a bordo, pantalla iDrive con cámara trasera de estacionamiento, techo panorámico, climatizadores independientes (delanteros y traseros), tapiz de cuero, asientos eléctricos con memorias y calefacción, control de descenso y estabil",33990000 CLP,https://www.ald.cl/ficha/252648/,https://www.RTautomotriz.com/images/ALD/Ext252648-1.jpg,Bmw,X5 M,2013,145000,KM,USED,Automatic,Gasoline,Sedan,GRIS,"Comandante Malbec 13495, Lo Barnechea, Santiago, Chile",available
252741,2015 Volkswagen SCIROCCO TEMPESTA 2.0 DSG,"VOLKSWAGEN SCIROCCO TEMPESTA 2.0 DSG 2015  (252741) Motor cuatro cilindros 2.000 CC turbo, versión Tempesta, caja de cambios automática DSG, doble embrague con paddle shift, volante multifuncional con velocidad crucero, computador a bordo, pantalla touch, climatizadores delanteros independientes, asientos con calefacción, sunroof, faros de xenón, control de estabilidad, tapiz de cuero, botón de encendido start-stop.",16490000 CLP,https://www.ald.cl/ficha/252741/,https://www.RTautomotriz.com/images/ALD/Ext252741-1.jpg,Volkswagen,SCIROCCO TEMPESTA 2.0 DSG,2015,125700,KM,USED,Automatic,Gasoline,Coupe,BLANCO,"Comandante Malbec 13495, Lo Barnechea, Santiago, Chile",available
252742,2026 Honda ZR-V TOURING 2.0 AT,HONDA ZR-V  TOURING 2.0 AT 2026  (252742) Crédito $27.990.000,27990000 CLP,https://www.ald.cl/ficha/252742/,https://www.RTautomotriz.com/images/ALD/Ext252742-1.jpg,Honda,ZR-V TOURING 2.0 AT,2026,10700,KM,USED,Automatic,Gasoline,SUV,NEGRO,"Comandante Malbec 13495, Lo Barnechea, Santiago, Chile",available
252743,2020 Subaru OUTBACK DIESEL 2.0 AWD CVT,"SUBARU OUTBACK DIESEL 2.0 AWD CVT 2020  (252743) Motor cuatro cilindros 2.000 CC turbo diesel boxer, caja de cambios automática CVT con paddle shift, tracción integral permanente AWD, volante multifuncional con velocidad crucero, computador a bordo, bluetooth, botón de encendido start-stop, pantalla touch con cámara trasera de estacionamiento, climatizadores independientes, tapiz de cuero, asientos eléctricos con calefacción.",19490000 CLP,https://www.ald.cl/ficha/252743/,https://www.RTautomotriz.com/images/ALD/Ext252743-1.jpg,Subaru,OUTBACK DIESEL 2.0 AWD CVT,2020,138100,KM,USED,Automatic,Diesel,Wagon,PLATEADO,"Comandante Malbec 13495, Lo Barnechea, Santiago, Chile",available
252755,2021 Bmw 530 M SPORT 2.0,BMW 530 M SPORT 2.0 2021  (252755) Precio contado: $34.990.000,33990000 CLP,https://www.ald.cl/ficha/252755/,https://www.RTautomotriz.com/images/ALD/noimage.jpg?0,Bmw,530 M SPORT 2.0,2021,75000,KM,USED,Automatic,Gasoline,Sedan,AZUL,"Comandante Malbec 13495, Lo Barnechea, Santiago, Chile",available
252807,2020 Chevrolet SILVERADO LTZ 5.3,"CHEVROLET SILVERADO LTZ 5.3 2020 FACTURABLE (252807) Versión LTZ, motor ocho cilindros 5.300 CC, caja de cambios automática, tracción 4x4, volante multifuncional con velocidad crucero y reconocimiento por voz, computador a bordo, pantalla touch con cámara trasera de estacionamiento, climatizadores independientes, sunroof, tapiz de cuero.",31990000 CLP,https://www.ald.cl/ficha/252807/,https://www.RTautomotriz.com/images/ALD/Ext252807-1.jpg,Chevrolet,SILVERADO LTZ 5.3,2020,144300,KM,USED,Automatic,Gasoline,Pickup Truck,PLATEADO,"Comandante Malbec 13495, Lo Barnechea, Santiago, Chile",available
252842,2024 Seat TARRACO XCELLENCE 1.4T,"SEAT TARRACO XCELLENCE 1.4T  2024 TRES CORRIDAS  (252842) Versión Xcellence, tres corridas de asientos (capacidad para siete pasajeros), caja de cambios automática, modos de conducción, volante multifuncional con velocidad crucero, computador a bordo, pantalla touch, bluetooth, tablero digital, techo panorámico, climatizadores independientes, botón de encendido start-stop, asientos eléctricos con memorias y calefacción.",23990000 CLP,https://www.ald.cl/ficha/252842/,https://www.RTautomotriz.com/images/ALD/Ext252842-1.jpg,Seat,TARRACO XCELLENCE 1.4T,2024,14500,KM,USED,Automatic,Gasoline,Sedan,AZUL,"Comandante Malbec 13495, Lo Barnechea, Santiago, Chile",available
252847,2019 Suzuki GRAND VITARA GLX 4X4 2.4 AT,"SUZUKI GRAND VITARA GLX 4x4 2.4 AT 2019  (252847) Versión GLX, motor 2.400 CC, caja de cambios automática, tracción 4x4 con reductora, volante multifuncional, computador a bordo, bluetooth, pantalla touch, climatizador, neblineros.",12990000 CLP,https://www.ald.cl/ficha/252847/,https://www.RTautomotriz.com/images/ALD/Ext252847-1.jpg,Suzuki,GRAND VITARA GLX 4X4 2.4 AT,2019,57300,KM,USED,Automatic,Gasoline,Sedan,BLANCO,"Comandante Malbec 13495, Lo Barnechea, Santiago, Chile",available
252869,2024 Land Rover RANGE ROVER EVOQUE DYNAMIC 2.0,"LAND ROVER RANGE ROVER EVOQUE DYNAMIC 2.0 2024  (252869) Versión Dynamic, motor cuatro cilindros en línea 2.000 CC turbo, caja de cambios automática, modos de conducción, tracción integral permanente AWD, volante multifuncional con velocidad crucero y reconocimiento por voz, computador a bordo, Bluetooth, pantalla touch con cámara trasera de estacionamiento y navegador, climatizadores delanteros independientes, control de estabilidad, asientos eléctricos, techo panorámico, faros LED.",45990000 CLP,https://www.ald.cl/ficha/252869/,https://www.RTautomotriz.com/images/ALD/Ext252869-1.jpg,Land Rover,RANGE ROVER EVOQUE DYNAMIC 2.0,2024,33800,KM,USED,Automatic,Gasoline,SUV,CAFE,"Comandante Malbec 13495, Lo Barnechea, Santiago, Chile",available
252871,2024 Range Rover EVOQUE DYNAMIC 2.0,"RANGE ROVER EVOQUE DYNAMIC 2.0  2024  (252871) Versión Dynamic, motor cuatro cilindros en línea 2.000 CC turbo, caja de cambios automática, modos de conducción, tracción integral permanente AWD, volante multifuncional con velocidad crucero y reconocimiento por voz, computador a bordo, Bluetooth, pantalla touch con cámara trasera de estacionamiento y navegador, climatizadores delanteros independientes, control de estabilidad, asientos eléctricos, techo panorámico, faros LED.",45990000 CLP,https://www.ald.cl/ficha/252871/,https://www.RTautomotriz.com/images/ALD/Ext252871-1.jpg,Range Rover,EVOQUE DYNAMIC 2.0,2024,33800,KM,USED,Automatic,Gasoline,SUV,CAFE,"Comandante Malbec 13495, Lo Barnechea, Santiago, Chile",available
252930,2020 Bmw X1 18I LCI SDRIVE,BMW X1 18I LCI SDRIVE 2020 MANTENIMIENTO EN WBM (252930) Crédito: $19.790.000,19790000 CLP,https://www.ald.cl/ficha/252930/,https://www.RTautomotriz.com/images/ALD/Ext252930-1.jpg,Bmw,X1 18I LCI SDRIVE,2020,62500,KM,USED,Automatic,Gasoline,Sedan,CAFÉ,"Comandante Malbec 13495, Lo Barnechea, Santiago, Chile",available
252931,2025 Audi A3 SPORTBACK 35 TSFI,AUDI A3 SPORTBACK  35 TSFI  2025 ÚNICO DUEÑO  (252931) Valor crédito 25.990.000,25990000 CLP,https://www.ald.cl/ficha/252931/,https://www.RTautomotriz.com/images/ALD/Ext252931-1.jpg,Audi,A3 SPORTBACK 35 TSFI,2025,4500,KM,USED,Automatic,Gasoline,Sedan,AZUL,"Comandante Malbec 13495, Lo Barnechea, Santiago, Chile",available